timestamp,log_type,EventID,user,action,risk,severity,date,hour
2026-03-27 18:47:41.692379+00:00,sysmon1st.evtx,1,system,Process Created,NORMAL,LOW,2026-03-27,18
2026-03-27 18:47:41.692778+00:00,sysmon1st.evtx,1,system,Process Created,NORMAL,LOW,2026-03-27,18
2026-03-27 18:48:13.093681+00:00,sysmon1st.evtx,1,system,Process Created,NORMAL,LOW,2026-03-27,18
2026-03-27 18:48:13.121437+00:00,sysmon1st.evtx,1,system,Process Created,NORMAL,LOW,2026-03-27,18
2026-03-27 18:50:30.521914+00:00,sysmon1st.evtx,1,system,Process Created,NORMAL,LOW,2026-03-27,18
2026-03-27 18:51:59.291872+00:00,sysmon1st.evtx,1,system,Process Created,NORMAL,LOW,2026-03-27,18
2026-03-27 18:52:27.632399+00:00,sysmon1st.evtx,1,system,Process Created,NORMAL,LOW,2026-03-27,18
2026-03-27 18:57:16.441404+00:00,sysmon1st.evtx,1,system,Process Created,NORMAL,LOW,2026-03-27,18
2026-03-27 18:57:16.674599+00:00,sysmon1st.evtx,1,system,Process Created,NORMAL,LOW,2026-03-27,18
2026-03-27 19:00:01.893688+00:00,sysmon1st.evtx,1,system,Process Created,NORMAL,LOW,2026-03-27,19
2026-03-27 19:08:32.043570+00:00,sysmon1st.evtx,1,system,Process Created,NORMAL,LOW,2026-03-27,19
2026-03-27 19:08:32.286949+00:00,sysmon1st.evtx,1,system,Process Created,NORMAL,LOW,2026-03-27,19
2026-03-27 19:08:32.566284+00:00,sysmon1st.evtx,1,system,Process Created,NORMAL,LOW,2026-03-27,19
2026-03-27 19:08:32.903387+00:00,sysmon1st.evtx,1,system,Process Created,NORMAL,LOW,2026-03-27,19
2026-03-27 19:08:32.904554+00:00,sysmon1st.evtx,1,system,Process Created,NORMAL,LOW,2026-03-27,19
2026-03-27 19:08:33.310822+00:00,sysmon1st.evtx,1,system,Process Created,NORMAL,LOW,2026-03-27,19
2026-03-27 19:08:33.640076+00:00,sysmon1st.evtx,1,system,Process Created,NORMAL,LOW,2026-03-27,19
2026-03-27 19:08:33.644634+00:00,sysmon1st.evtx,1,system,Process Created,NORMAL,LOW,2026-03-27,19
2026-03-27 19:08:33.645660+00:00,sysmon1st.evtx,1,system,Process Created,NORMAL,LOW,2026-03-27,19
2026-03-27 19:08:35.699183+00:00,sysmon1st.evtx,1,system,Process Created,NORMAL,LOW,2026-03-27,19
2026-03-27 19:08:36.595425+00:00,sysmon1st.evtx,1,system,Process Created,NORMAL,LOW,2026-03-27,19
2026-03-27 19:08:42.376949+00:00,sysmon1st.evtx,1,system,Process Created,NORMAL,LOW,2026-03-27,19
2026-03-27 19:08:55.772411+00:00,sysmon1st.evtx,1,system,Process Created,NORMAL,LOW,2026-03-27,19
2026-03-27 19:08:55.775770+00:00,sysmon1st.evtx,1,system,Process Created,NORMAL,LOW,2026-03-27,19
2026-03-27 19:08:56.643213+00:00,sysmon1st.evtx,1,system,Process Created,NORMAL,LOW,2026-03-27,19
2026-03-27 19:08:56.694426+00:00,sysmon1st.evtx,1,system,Process Created,NORMAL,LOW,2026-03-27,19
2026-03-27 19:08:56.817945+00:00,sysmon1st.evtx,1,system,Process Created,NORMAL,LOW,2026-03-27,19
2026-03-27 19:08:57.137989+00:00,sysmon1st.evtx,1,system,Process Created,NORMAL,LOW,2026-03-27,19
2026-03-27 19:09:02.850849+00:00,sysmon1st.evtx,1,system,Process Created,NORMAL,LOW,2026-03-27,19
2026-03-27 19:09:32.973024+00:00,sysmon1st.evtx,1,system,Process Created,NORMAL,LOW,2026-03-27,19
2026-03-27 19:09:34.374414+00:00,sysmon1st.evtx,1,system,Process Created,NORMAL,LOW,2026-03-27,19
2026-03-27 19:09:55.304132+00:00,sysmon1st.evtx,1,system,Process Created,NORMAL,LOW,2026-03-27,19
2026-03-27 19:10:32.797125+00:00,sysmon1st.evtx,1,system,Process Created,NORMAL,LOW,2026-03-27,19
2026-03-27 19:11:22.554585+00:00,sysmon1st.evtx,1,system,Process Created,NORMAL,LOW,2026-03-27,19
2026-03-27 19:11:28.423447+00:00,sysmon1st.evtx,1,system,Process Created,NORMAL,LOW,2026-03-27,19
2026-03-27 19:11:56.327641+00:00,sysmon1st.evtx,1,system,Process Created,NORMAL,LOW,2026-03-27,19
2026-03-27 19:12:10.612831+00:00,sysmon1st.evtx,1,system,Process Created,NORMAL,LOW,2026-03-27,19
2026-03-27 19:12:18.232775+00:00,sysmon1st.evtx,1,system,Process Created,NORMAL,LOW,2026-03-27,19
2026-03-27 19:12:18.235416+00:00,sysmon1st.evtx,1,system,Process Created,NORMAL,LOW,2026-03-27,19
2026-03-27 19:14:00.295263+00:00,sysmon1st.evtx,1,system,Process Created,NORMAL,LOW,2026-03-27,19
2026-03-27 19:14:10.571634+00:00,sysmon1st.evtx,1,system,Process Created,NORMAL,LOW,2026-03-27,19
2026-03-27 19:14:12.622337+00:00,sysmon1st.evtx,1,system,Process Created,NORMAL,LOW,2026-03-27,19
2026-03-27 19:14:13.212181+00:00,sysmon1st.evtx,1,system,Process Created,NORMAL,LOW,2026-03-27,19
2026-03-27 19:14:13.732574+00:00,sysmon1st.evtx,1,system,Process Created,NORMAL,LOW,2026-03-27,19
2026-03-27 19:14:19.939693+00:00,sysmon1st.evtx,1,system,Process Created,NORMAL,LOW,2026-03-27,19
2026-03-27 19:14:20.237566+00:00,sysmon1st.evtx,1,system,Process Created,NORMAL,LOW,2026-03-27,19
2026-03-27 19:14:20.243368+00:00,sysmon1st.evtx,1,system,Process Created,NORMAL,LOW,2026-03-27,19
2026-03-27 19:14:22.263895+00:00,sysmon1st.evtx,1,system,Process Created,NORMAL,LOW,2026-03-27,19
2026-03-27 19:16:22.053207+00:00,sysmon1st.evtx,1,system,Process Created,NORMAL,LOW,2026-03-27,19
2026-03-27 19:17:58.422665+00:00,sysmon1st.evtx,1,system,Process Created,NORMAL,LOW,2026-03-27,19
2026-03-27 19:17:58.800703+00:00,sysmon1st.evtx,1,system,Process Created,NORMAL,LOW,2026-03-27,19
2026-03-27 19:18:35.393332+00:00,sysmon1st.evtx,1,system,Process Created,NORMAL,LOW,2026-03-27,19
2026-03-27 19:18:57.513399+00:00,sysmon1st.evtx,1,system,Process Created,NORMAL,LOW,2026-03-27,19
2026-03-27 19:19:47.836874+00:00,sysmon1st.evtx,1,system,Process Created,NORMAL,LOW,2026-03-27,19
2026-03-27 19:20:01.531532+00:00,sysmon1st.evtx,1,system,Process Created,NORMAL,LOW,2026-03-27,19
2026-03-27 19:20:06.451134+00:00,sysmon1st.evtx,1,system,Process Created,NORMAL,LOW,2026-03-27,19
2026-03-27 19:20:40.648653+00:00,sysmon1st.evtx,1,system,Process Created,NORMAL,LOW,2026-03-27,19
2026-03-27 19:20:40.754221+00:00,sysmon1st.evtx,1,system,Process Created,NORMAL,LOW,2026-03-27,19
2026-03-27 19:21:58.251461+00:00,sysmon1st.evtx,22,system,DNS Query,SUSPICIOUS,MEDIUM,2026-03-27,19
2026-03-27 19:23:49.358944+00:00,sysmon1st.evtx,1,system,Process Created,NORMAL,LOW,2026-03-27,19
2026-03-27 19:23:58.646606+00:00,sysmon1st.evtx,1,system,Process Created,NORMAL,LOW,2026-03-27,19
2026-03-27 19:24:17.617258+00:00,sysmon1st.evtx,22,system,DNS Query,SUSPICIOUS,MEDIUM,2026-03-27,19
2026-03-27 19:25:07.477066+00:00,sysmon1st.evtx,1,system,Process Created,NORMAL,LOW,2026-03-27,19
2026-03-27 19:25:13.911192+00:00,sysmon1st.evtx,1,system,Process Created,NORMAL,LOW,2026-03-27,19
2026-03-27 19:25:15.955130+00:00,sysmon1st.evtx,22,system,DNS Query,SUSPICIOUS,MEDIUM,2026-03-27,19
2026-03-27 19:28:13.995331+00:00,sysmon1st.evtx,1,system,Process Created,NORMAL,LOW,2026-03-27,19
2026-03-27 19:28:20.810785+00:00,sysmon1st.evtx,1,system,Process Created,NORMAL,LOW,2026-03-27,19
2026-03-27 19:28:31.515747+00:00,sysmon1st.evtx,22,system,DNS Query,SUSPICIOUS,MEDIUM,2026-03-27,19
2026-03-27 19:28:31.641087+00:00,sysmon1st.evtx,3,system,Network Connection,SUSPICIOUS,MEDIUM,2026-03-27,19
2026-03-27 19:28:32.516796+00:00,sysmon1st.evtx,22,system,DNS Query,SUSPICIOUS,MEDIUM,2026-03-27,19
2026-03-27 19:28:32.516880+00:00,sysmon1st.evtx,22,system,DNS Query,SUSPICIOUS,MEDIUM,2026-03-27,19
2026-03-27 19:28:33.578379+00:00,sysmon1st.evtx,22,system,DNS Query,SUSPICIOUS,MEDIUM,2026-03-27,19
2026-03-27 19:28:43.669643+00:00,sysmon1st.evtx,1,system,Process Created,NORMAL,LOW,2026-03-27,19
2026-03-27 19:30:58.236189+00:00,sysmon1st.evtx,1,system,Process Created,NORMAL,LOW,2026-03-27,19
2026-03-27 19:31:00.278578+00:00,sysmon1st.evtx,22,system,DNS Query,SUSPICIOUS,MEDIUM,2026-03-27,19
2026-03-27 19:31:48.764853+00:00,sysmon1st.evtx,1,system,Process Created,NORMAL,LOW,2026-03-27,19
2026-03-27 19:33:17.488729+00:00,sysmon1st.evtx,1,system,Process Created,NORMAL,LOW,2026-03-27,19
2026-03-27 19:33:18.514853+00:00,sysmon1st.evtx,22,system,DNS Query,SUSPICIOUS,MEDIUM,2026-03-27,19
2026-03-27 19:34:13.677475+00:00,sysmon1st.evtx,1,system,Process Created,NORMAL,LOW,2026-03-27,19
2026-03-27 19:34:13.723013+00:00,sysmon1st.evtx,1,system,Process Created,NORMAL,LOW,2026-03-27,19
2026-03-27 19:34:15.556171+00:00,sysmon1st.evtx,1,system,Process Created,NORMAL,LOW,2026-03-27,19
2026-03-27 19:34:25.097746+00:00,sysmon1st.evtx,22,system,DNS Query,SUSPICIOUS,MEDIUM,2026-03-27,19
2026-03-27 19:34:50.633610+00:00,sysmon1st.evtx,1,system,Process Created,NORMAL,LOW,2026-03-27,19
2026-03-27 19:34:50.794046+00:00,sysmon1st.evtx,1,system,Process Created,NORMAL,LOW,2026-03-27,19
2026-03-27 19:35:05.260666+00:00,sysmon1st.evtx,1,system,Process Created,NORMAL,LOW,2026-03-27,19
2026-03-27 19:35:07.066244+00:00,sysmon1st.evtx,22,system,DNS Query,SUSPICIOUS,MEDIUM,2026-03-27,19
2026-03-27 19:35:08.292393+00:00,sysmon1st.evtx,3,system,Network Connection,SUSPICIOUS,MEDIUM,2026-03-27,19
2026-03-27 19:35:08.292496+00:00,sysmon1st.evtx,3,system,Network Connection,SUSPICIOUS,MEDIUM,2026-03-27,19
2026-03-27 19:35:09.105732+00:00,sysmon1st.evtx,22,system,DNS Query,SUSPICIOUS,MEDIUM,2026-03-27,19
2026-03-27 19:35:14.978846+00:00,sysmon1st.evtx,3,system,Network Connection,SUSPICIOUS,MEDIUM,2026-03-27,19
2026-03-27 19:35:15.759407+00:00,sysmon1st.evtx,3,system,Network Connection,SUSPICIOUS,MEDIUM,2026-03-27,19
2026-03-27 19:36:22.331892+00:00,sysmon1st.evtx,1,system,Process Created,NORMAL,LOW,2026-03-27,19
2026-03-27 19:36:23.382246+00:00,sysmon1st.evtx,22,system,DNS Query,SUSPICIOUS,MEDIUM,2026-03-27,19
2026-03-27 19:36:58.314430+00:00,sysmon1st.evtx,22,system,DNS Query,SUSPICIOUS,MEDIUM,2026-03-27,19
2026-03-27 19:39:35.522648+00:00,sysmon1st.evtx,1,system,Process Created,NORMAL,LOW,2026-03-27,19
2026-03-27 19:41:36.880766+00:00,sysmon1st.evtx,1,system,Process Created,NORMAL,LOW,2026-03-27,19
2026-03-27 19:41:36.904333+00:00,sysmon1st.evtx,1,system,Process Created,NORMAL,LOW,2026-03-27,19
2026-03-27 19:41:37.582241+00:00,sysmon1st.evtx,22,system,DNS Query,SUSPICIOUS,MEDIUM,2026-03-27,19
2026-03-27 19:41:43.087271+00:00,sysmon1st.evtx,22,system,DNS Query,SUSPICIOUS,MEDIUM,2026-03-27,19
2026-03-27 19:41:43.087307+00:00,sysmon1st.evtx,22,system,DNS Query,SUSPICIOUS,MEDIUM,2026-03-27,19
2026-03-27 19:41:43.087330+00:00,sysmon1st.evtx,22,system,DNS Query,SUSPICIOUS,MEDIUM,2026-03-27,19
2026-03-27 19:41:43.246878+00:00,sysmon1st.evtx,1,system,Process Created,NORMAL,LOW,2026-03-27,19
2026-03-27 19:41:43.654692+00:00,sysmon1st.evtx,1,system,Process Created,NORMAL,LOW,2026-03-27,19
2026-03-27 19:41:56.797056+00:00,sysmon1st.evtx,22,system,DNS Query,SUSPICIOUS,MEDIUM,2026-03-27,19
2026-03-27 19:42:13.749670+00:00,sysmon1st.evtx,22,system,DNS Query,SUSPICIOUS,MEDIUM,2026-03-27,19
2026-03-27 19:43:47.267944+00:00,sysmon1st.evtx,1,system,Process Created,NORMAL,LOW,2026-03-27,19
2026-03-27 20:26:05.920227+00:00,sysmon1st.evtx,1,system,Process Created,NORMAL,LOW,2026-03-27,20
2026-03-27 20:26:58.411564+00:00,sysmon1st.evtx,1,system,Process Created,NORMAL,LOW,2026-03-27,20
2026-03-27 20:26:58.435505+00:00,sysmon1st.evtx,1,system,Process Created,NORMAL,LOW,2026-03-27,20
2026-03-27 20:26:59.430401+00:00,sysmon1st.evtx,1,system,Process Created,NORMAL,LOW,2026-03-27,20
2026-03-27 20:27:14.605162+00:00,sysmon1st.evtx,1,system,Process Created,NORMAL,LOW,2026-03-27,20
2026-03-27 20:27:15.612362+00:00,sysmon1st.evtx,1,system,Process Created,NORMAL,LOW,2026-03-27,20
2026-03-27 20:27:15.981262+00:00,sysmon1st.evtx,1,system,Process Created,NORMAL,LOW,2026-03-27,20
2026-03-27 20:28:20.764755+00:00,sysmon1st.evtx,1,system,Process Created,NORMAL,LOW,2026-03-27,20
2026-03-27 20:39:35.646807+00:00,sysmon1st.evtx,1,system,Process Created,NORMAL,LOW,2026-03-27,20
2026-03-27 20:42:48.126911+00:00,sysmon1st.evtx,1,system,Process Created,NORMAL,LOW,2026-03-27,20
2026-03-27 20:48:40.566319+00:00,sysmon1st.evtx,1,system,Process Created,NORMAL,LOW,2026-03-27,20
2026-03-27 20:48:40.936512+00:00,sysmon1st.evtx,1,system,Process Created,NORMAL,LOW,2026-03-27,20
2026-03-27 20:50:38.179024+00:00,sysmon1st.evtx,1,system,Process Created,NORMAL,LOW,2026-03-27,20
2026-03-27 20:52:57.097685+00:00,sysmon1st.evtx,1,system,Process Created,NORMAL,LOW,2026-03-27,20
2026-03-27 20:52:57.143181+00:00,sysmon1st.evtx,1,system,Process Created,NORMAL,LOW,2026-03-27,20
2026-03-27 20:52:57.162834+00:00,sysmon1st.evtx,1,system,Process Created,NORMAL,LOW,2026-03-27,20
2026-02-10 20:54:17.435301+00:00,seclogs1st.evtx,4624,system,Successful Login,NORMAL,INFO,2026-02-10,20
2026-02-10 20:54:17.730438+00:00,seclogs1st.evtx,4624,system,Successful Login,NORMAL,INFO,2026-02-10,20
2026-02-10 20:54:17.734100+00:00,seclogs1st.evtx,4624,system,Successful Login,NORMAL,INFO,2026-02-10,20
2026-02-10 20:54:17.735147+00:00,seclogs1st.evtx,4624,system,Successful Login,NORMAL,INFO,2026-02-10,20
2026-02-10 20:54:17.879917+00:00,seclogs1st.evtx,4624,system,Successful Login,NORMAL,INFO,2026-02-10,20
2026-02-10 20:54:18.136066+00:00,seclogs1st.evtx,4624,system,Successful Login,NORMAL,INFO,2026-02-10,20
2026-02-10 20:54:18.464653+00:00,seclogs1st.evtx,4624,system,Successful Login,NORMAL,INFO,2026-02-10,20
2026-02-10 20:54:18.464668+00:00,seclogs1st.evtx,4624,system,Successful Login,NORMAL,INFO,2026-02-10,20
2026-02-10 20:54:18.514875+00:00,seclogs1st.evtx,4624,system,Successful Login,NORMAL,INFO,2026-02-10,20
2026-02-10 20:54:18.562288+00:00,seclogs1st.evtx,4624,system,Successful Login,NORMAL,INFO,2026-02-10,20
2026-02-10 20:54:18.761837+00:00,seclogs1st.evtx,4624,system,Successful Login,NORMAL,INFO,2026-02-10,20
2026-02-10 20:54:25.175247+00:00,seclogs1st.evtx,4624,system,Successful Login,NORMAL,INFO,2026-02-10,20
2026-02-10 20:54:25.218565+00:00,seclogs1st.evtx,4624,system,Successful Login,NORMAL,INFO,2026-02-10,20
2026-02-10 20:54:25.272503+00:00,seclogs1st.evtx,4624,system,Successful Login,NORMAL,INFO,2026-02-10,20
2026-02-10 20:54:25.348127+00:00,seclogs1st.evtx,4624,system,Successful Login,NORMAL,INFO,2026-02-10,20
2026-02-10 20:54:25.388910+00:00,seclogs1st.evtx,4624,system,Successful Login,NORMAL,INFO,2026-02-10,20
2026-02-10 20:54:25.404724+00:00,seclogs1st.evtx,4624,system,Successful Login,NORMAL,INFO,2026-02-10,20
2026-02-10 20:54:25.472464+00:00,seclogs1st.evtx,4624,system,Successful Login,NORMAL,INFO,2026-02-10,20
2026-02-10 20:54:25.779940+00:00,seclogs1st.evtx,4624,system,Successful Login,NORMAL,INFO,2026-02-10,20
2026-02-10 20:54:25.846680+00:00,seclogs1st.evtx,4624,system,Successful Login,NORMAL,INFO,2026-02-10,20
2026-02-10 20:54:25.857168+00:00,seclogs1st.evtx,4624,system,Successful Login,NORMAL,INFO,2026-02-10,20
2026-02-10 20:54:25.915760+00:00,seclogs1st.evtx,4624,system,Successful Login,NORMAL,INFO,2026-02-10,20
2026-02-10 20:54:25.928600+00:00,seclogs1st.evtx,4624,system,Successful Login,NORMAL,INFO,2026-02-10,20
2026-02-10 20:54:25.976465+00:00,seclogs1st.evtx,4624,system,Successful Login,NORMAL,INFO,2026-02-10,20
2026-02-10 20:54:25.983894+00:00,seclogs1st.evtx,4624,system,Successful Login,NORMAL,INFO,2026-02-10,20
2026-02-10 20:54:25.984612+00:00,seclogs1st.evtx,4624,system,Successful Login,NORMAL,INFO,2026-02-10,20
2026-02-10 20:54:26.041773+00:00,seclogs1st.evtx,4624,system,Successful Login,NORMAL,INFO,2026-02-10,20
2026-02-10 20:54:27.329494+00:00,seclogs1st.evtx,4624,system,Successful Login,NORMAL,INFO,2026-02-10,20
2026-02-10 20:54:36.175766+00:00,seclogs1st.evtx,4624,system,Successful Login,NORMAL,INFO,2026-02-10,20
2026-02-10 20:54:37.417301+00:00,seclogs1st.evtx,4624,system,Successful Login,NORMAL,INFO,2026-02-10,20
2026-02-10 20:55:02.805025+00:00,seclogs1st.evtx,4624,system,Successful Login,NORMAL,INFO,2026-02-10,20
2026-02-10 20:55:02.900217+00:00,seclogs1st.evtx,4624,system,Successful Login,NORMAL,INFO,2026-02-10,20
2026-02-10 20:55:02.905994+00:00,seclogs1st.evtx,4624,system,Successful Login,NORMAL,INFO,2026-02-10,20
2026-02-10 20:55:02.906752+00:00,seclogs1st.evtx,4624,system,Successful Login,NORMAL,INFO,2026-02-10,20
2026-02-10 20:55:02.973505+00:00,seclogs1st.evtx,4624,system,Successful Login,NORMAL,INFO,2026-02-10,20
2026-02-10 20:55:03.025433+00:00,seclogs1st.evtx,4624,system,Successful Login,NORMAL,INFO,2026-02-10,20
2026-02-10 20:55:03.101809+00:00,seclogs1st.evtx,4624,system,Successful Login,NORMAL,INFO,2026-02-10,20
2026-02-10 20:55:03.101826+00:00,seclogs1st.evtx,4624,system,Successful Login,NORMAL,INFO,2026-02-10,20
2026-02-10 20:55:03.165493+00:00,seclogs1st.evtx,4624,system,Successful Login,NORMAL,INFO,2026-02-10,20
2026-02-10 20:55:03.174557+00:00,seclogs1st.evtx,4624,system,Successful Login,NORMAL,INFO,2026-02-10,20
2026-02-10 20:55:03.177858+00:00,seclogs1st.evtx,4624,system,Successful Login,NORMAL,INFO,2026-02-10,20
2026-02-10 20:55:08.246555+00:00,seclogs1st.evtx,4624,system,Successful Login,NORMAL,INFO,2026-02-10,20
2026-02-10 20:55:08.310913+00:00,seclogs1st.evtx,4624,system,Successful Login,NORMAL,INFO,2026-02-10,20
2026-02-10 20:55:08.434097+00:00,seclogs1st.evtx,4624,system,Successful Login,NORMAL,INFO,2026-02-10,20
2026-02-10 20:55:08.494743+00:00,seclogs1st.evtx,4624,system,Successful Login,NORMAL,INFO,2026-02-10,20
2026-02-10 20:55:08.507460+00:00,seclogs1st.evtx,4624,system,Successful Login,NORMAL,INFO,2026-02-10,20
2026-02-10 20:55:08.544088+00:00,seclogs1st.evtx,4624,system,Successful Login,NORMAL,INFO,2026-02-10,20
2026-02-10 20:55:08.611347+00:00,seclogs1st.evtx,4624,system,Successful Login,NORMAL,INFO,2026-02-10,20
2026-02-10 20:55:08.805384+00:00,seclogs1st.evtx,4624,system,Successful Login,NORMAL,INFO,2026-02-10,20
2026-02-10 20:55:08.828491+00:00,seclogs1st.evtx,4624,system,Successful Login,NORMAL,INFO,2026-02-10,20
2026-02-10 20:55:08.857817+00:00,seclogs1st.evtx,4624,system,Successful Login,NORMAL,INFO,2026-02-10,20
2026-02-10 20:55:08.861464+00:00,seclogs1st.evtx,4624,system,Successful Login,NORMAL,INFO,2026-02-10,20
2026-02-10 20:55:08.886221+00:00,seclogs1st.evtx,4624,system,Successful Login,NORMAL,INFO,2026-02-10,20
2026-02-10 20:55:08.912634+00:00,seclogs1st.evtx,4624,system,Successful Login,NORMAL,INFO,2026-02-10,20
2026-02-10 20:55:08.918144+00:00,seclogs1st.evtx,4624,system,Successful Login,NORMAL,INFO,2026-02-10,20
2026-02-10 20:55:08.918541+00:00,seclogs1st.evtx,4624,system,Successful Login,NORMAL,INFO,2026-02-10,20
2026-02-10 20:55:08.931747+00:00,seclogs1st.evtx,4624,system,Successful Login,NORMAL,INFO,2026-02-10,20
2026-02-10 20:55:09.803579+00:00,seclogs1st.evtx,4624,system,Successful Login,NORMAL,INFO,2026-02-10,20
2026-02-10 20:55:10.750603+00:00,seclogs1st.evtx,4624,system,Successful Login,NORMAL,INFO,2026-02-10,20
2026-02-10 07:25:31.631992+00:00,seclogs1st.evtx,4624,system,Successful Login,NORMAL,INFO,2026-02-10,7
2026-02-10 07:25:31.819893+00:00,seclogs1st.evtx,4624,system,Successful Login,NORMAL,INFO,2026-02-10,7
2026-02-10 07:25:31.957287+00:00,seclogs1st.evtx,4624,system,Successful Login,NORMAL,INFO,2026-02-10,7
2026-02-10 07:25:33.775797+00:00,seclogs1st.evtx,4624,system,Successful Login,NORMAL,INFO,2026-02-10,7
2026-02-10 07:25:33.895298+00:00,seclogs1st.evtx,4624,system,Successful Login,NORMAL,INFO,2026-02-10,7
2026-02-10 07:25:34.019102+00:00,seclogs1st.evtx,4624,system,Successful Login,NORMAL,INFO,2026-02-10,7
2026-02-10 07:25:34.911572+00:00,seclogs1st.evtx,4624,system,Successful Login,NORMAL,INFO,2026-02-10,7
2026-02-10 07:25:44.584917+00:00,seclogs1st.evtx,4624,system,Successful Login,NORMAL,INFO,2026-02-10,7
2026-02-10 07:25:49.299456+00:00,seclogs1st.evtx,4624,system,Successful Login,NORMAL,INFO,2026-02-10,7
2026-02-10 07:26:34.895256+00:00,seclogs1st.evtx,4624,system,Successful Login,NORMAL,INFO,2026-02-10,7
2026-02-10 07:26:38.184258+00:00,seclogs1st.evtx,4624,system,Successful Login,NORMAL,INFO,2026-02-10,7
2026-02-10 07:26:39.716858+00:00,seclogs1st.evtx,4624,system,Successful Login,NORMAL,INFO,2026-02-10,7
2026-02-10 07:27:08.247612+00:00,seclogs1st.evtx,4624,system,Successful Login,NORMAL,INFO,2026-02-10,7
2026-02-10 07:27:08.274050+00:00,seclogs1st.evtx,4624,system,Successful Login,NORMAL,INFO,2026-02-10,7
2026-02-10 07:27:08.547716+00:00,seclogs1st.evtx,4624,system,Successful Login,NORMAL,INFO,2026-02-10,7
2026-02-10 07:27:11.240335+00:00,seclogs1st.evtx,4624,system,Successful Login,NORMAL,INFO,2026-02-10,7
2026-02-10 07:27:11.307739+00:00,seclogs1st.evtx,4624,system,Successful Login,NORMAL,INFO,2026-02-10,7
2026-02-11 06:37:34.349751+00:00,seclogs1st.evtx,4624,system,Successful Login,NORMAL,INFO,2026-02-11,6
2026-02-11 06:37:34.491625+00:00,seclogs1st.evtx,4624,system,Successful Login,NORMAL,INFO,2026-02-11,6
2026-02-11 06:37:34.492802+00:00,seclogs1st.evtx,4624,system,Successful Login,NORMAL,INFO,2026-02-11,6
2026-02-11 06:37:34.493273+00:00,seclogs1st.evtx,4624,system,Successful Login,NORMAL,INFO,2026-02-11,6
2026-02-11 06:37:34.542015+00:00,seclogs1st.evtx,4624,system,Successful Login,NORMAL,INFO,2026-02-11,6
2026-02-11 06:37:34.599461+00:00,seclogs1st.evtx,4624,system,Successful Login,NORMAL,INFO,2026-02-11,6
2026-02-11 06:37:34.685602+00:00,seclogs1st.evtx,4624,system,Successful Login,NORMAL,INFO,2026-02-11,6
2026-02-11 06:37:34.685612+00:00,seclogs1st.evtx,4624,system,Successful Login,NORMAL,INFO,2026-02-11,6
2026-02-11 06:37:34.699160+00:00,seclogs1st.evtx,4624,system,Successful Login,NORMAL,INFO,2026-02-11,6
2026-02-11 06:37:34.707926+00:00,seclogs1st.evtx,4624,system,Successful Login,NORMAL,INFO,2026-02-11,6
2026-02-11 06:37:34.722935+00:00,seclogs1st.evtx,4624,system,Successful Login,NORMAL,INFO,2026-02-11,6
2026-02-11 06:37:34.792103+00:00,seclogs1st.evtx,4624,system,Successful Login,NORMAL,INFO,2026-02-11,6
2026-02-11 06:37:34.901443+00:00,seclogs1st.evtx,4624,system,Successful Login,NORMAL,INFO,2026-02-11,6
2026-02-11 06:37:34.924576+00:00,seclogs1st.evtx,4624,system,Successful Login,NORMAL,INFO,2026-02-11,6
2026-02-11 06:37:35.072535+00:00,seclogs1st.evtx,4624,system,Successful Login,NORMAL,INFO,2026-02-11,6
2026-02-11 06:37:35.224180+00:00,seclogs1st.evtx,4624,system,Successful Login,NORMAL,INFO,2026-02-11,6
2026-02-11 06:37:35.430178+00:00,seclogs1st.evtx,4624,system,Successful Login,NORMAL,INFO,2026-02-11,6
2026-02-11 06:37:35.455557+00:00,seclogs1st.evtx,4624,system,Successful Login,NORMAL,INFO,2026-02-11,6
2026-02-11 06:37:35.472992+00:00,seclogs1st.evtx,4624,system,Successful Login,NORMAL,INFO,2026-02-11,6
2026-02-11 06:37:35.506117+00:00,seclogs1st.evtx,4624,system,Successful Login,NORMAL,INFO,2026-02-11,6
2026-02-11 06:37:35.514277+00:00,seclogs1st.evtx,4624,system,Successful Login,NORMAL,INFO,2026-02-11,6
2026-02-11 06:37:35.544884+00:00,seclogs1st.evtx,4624,system,Successful Login,NORMAL,INFO,2026-02-11,6
2026-02-11 06:37:35.549200+00:00,seclogs1st.evtx,4624,system,Successful Login,NORMAL,INFO,2026-02-11,6
2026-02-11 06:37:35.564001+00:00,seclogs1st.evtx,4624,system,Successful Login,NORMAL,INFO,2026-02-11,6
2026-02-11 06:37:35.598938+00:00,seclogs1st.evtx,4624,system,Successful Login,NORMAL,INFO,2026-02-11,6
2026-02-11 06:37:38.095640+00:00,seclogs1st.evtx,4624,system,Successful Login,NORMAL,INFO,2026-02-11,6
2026-02-11 06:37:41.074461+00:00,seclogs1st.evtx,4624,system,Successful Login,NORMAL,INFO,2026-02-11,6
2026-02-11 06:37:45.491816+00:00,seclogs1st.evtx,4624,system,Successful Login,NORMAL,INFO,2026-02-11,6
2026-02-11 06:38:10.117981+00:00,seclogs1st.evtx,4624,system,Successful Login,NORMAL,INFO,2026-02-11,6
2026-02-11 06:38:10.582975+00:00,seclogs1st.evtx,4624,system,Successful Login,NORMAL,INFO,2026-02-11,6
2026-02-11 06:38:10.703053+00:00,seclogs1st.evtx,4624,system,Successful Login,NORMAL,INFO,2026-02-11,6
2026-02-11 06:38:10.773048+00:00,seclogs1st.evtx,4624,system,Successful Login,NORMAL,INFO,2026-02-11,6
2026-02-11 06:38:11.203207+00:00,seclogs1st.evtx,4624,system,Successful Login,NORMAL,INFO,2026-02-11,6
2026-02-11 06:38:13.094114+00:00,seclogs1st.evtx,4624,system,Successful Login,NORMAL,INFO,2026-02-11,6
2026-02-11 06:38:21.684507+00:00,seclogs1st.evtx,4624,system,Successful Login,NORMAL,INFO,2026-02-11,6
2026-02-11 06:39:24.117449+00:00,seclogs1st.evtx,4624,system,Successful Login,NORMAL,INFO,2026-02-11,6
2026-02-11 06:39:24.260233+00:00,seclogs1st.evtx,4624,system,Successful Login,NORMAL,INFO,2026-02-11,6
2026-02-11 06:39:37.165052+00:00,seclogs1st.evtx,4624,system,Successful Login,NORMAL,INFO,2026-02-11,6
2026-02-11 06:39:37.180080+00:00,seclogs1st.evtx,4624,system,Successful Login,NORMAL,INFO,2026-02-11,6
2026-02-11 06:39:37.599562+00:00,seclogs1st.evtx,4624,system,Successful Login,NORMAL,INFO,2026-02-11,6
2026-02-11 06:39:40.062635+00:00,seclogs1st.evtx,4624,system,Successful Login,NORMAL,INFO,2026-02-11,6
2026-02-11 06:40:57.865721+00:00,seclogs1st.evtx,4625,system,Failed Login,HIGH,HIGH,2026-02-11,6
2026-02-11 06:41:02.441313+00:00,seclogs1st.evtx,4625,system,Failed Login,HIGH,HIGH,2026-02-11,6
2026-02-11 06:41:06.841925+00:00,seclogs1st.evtx,4625,system,Failed Login,HIGH,HIGH,2026-02-11,6
2026-02-11 06:41:14.923254+00:00,seclogs1st.evtx,4624,system,Successful Login,NORMAL,INFO,2026-02-11,6
2026-02-11 06:43:52.589964+00:00,seclogs1st.evtx,4624,system,Successful Login,NORMAL,INFO,2026-02-11,6
2026-02-11 06:43:52.906824+00:00,seclogs1st.evtx,4624,system,Successful Login,NORMAL,INFO,2026-02-11,6
2026-02-11 06:43:53.031530+00:00,seclogs1st.evtx,4624,system,Successful Login,NORMAL,INFO,2026-02-11,6
2026-02-11 06:44:28.072033+00:00,seclogs1st.evtx,4624,system,Successful Login,NORMAL,INFO,2026-02-11,6
2026-02-11 06:44:35.997528+00:00,seclogs1st.evtx,4624,system,Successful Login,NORMAL,INFO,2026-02-11,6
2026-02-11 06:46:40.959665+00:00,seclogs1st.evtx,4624,system,Successful Login,NORMAL,INFO,2026-02-11,6
2026-02-11 06:46:45.275290+00:00,seclogs1st.evtx,4624,system,Successful Login,NORMAL,INFO,2026-02-11,6
2026-02-11 06:46:46.551575+00:00,seclogs1st.evtx,4624,system,Successful Login,NORMAL,INFO,2026-02-11,6
2026-02-11 07:20:25.885954+00:00,seclogs1st.evtx,4624,system,Successful Login,NORMAL,INFO,2026-02-11,7
2026-02-11 07:20:26.181768+00:00,seclogs1st.evtx,4624,system,Successful Login,NORMAL,INFO,2026-02-11,7
2026-02-11 07:20:26.187626+00:00,seclogs1st.evtx,4624,system,Successful Login,NORMAL,INFO,2026-02-11,7
2026-02-11 07:20:26.187656+00:00,seclogs1st.evtx,4624,system,Successful Login,NORMAL,INFO,2026-02-11,7
2026-02-11 07:20:26.267639+00:00,seclogs1st.evtx,4624,system,Successful Login,NORMAL,INFO,2026-02-11,7
2026-02-11 07:20:26.338614+00:00,seclogs1st.evtx,4624,system,Successful Login,NORMAL,INFO,2026-02-11,7
2026-02-11 07:20:26.490486+00:00,seclogs1st.evtx,4624,system,Successful Login,NORMAL,INFO,2026-02-11,7
2026-02-11 07:20:26.490503+00:00,seclogs1st.evtx,4624,system,Successful Login,NORMAL,INFO,2026-02-11,7
2026-02-11 07:20:26.579916+00:00,seclogs1st.evtx,4624,system,Successful Login,NORMAL,INFO,2026-02-11,7
2026-02-11 07:20:26.599831+00:00,seclogs1st.evtx,4624,system,Successful Login,NORMAL,INFO,2026-02-11,7
2026-02-11 07:20:26.627542+00:00,seclogs1st.evtx,4624,system,Successful Login,NORMAL,INFO,2026-02-11,7
2026-02-11 07:20:26.759552+00:00,seclogs1st.evtx,4624,system,Successful Login,NORMAL,INFO,2026-02-11,7
2026-02-11 07:20:27.061018+00:00,seclogs1st.evtx,4624,system,Successful Login,NORMAL,INFO,2026-02-11,7
2026-02-11 07:20:27.080996+00:00,seclogs1st.evtx,4624,system,Successful Login,NORMAL,INFO,2026-02-11,7
2026-02-11 07:20:27.304655+00:00,seclogs1st.evtx,4624,system,Successful Login,NORMAL,INFO,2026-02-11,7
2026-02-11 07:20:27.687004+00:00,seclogs1st.evtx,4624,system,Successful Login,NORMAL,INFO,2026-02-11,7
2026-02-11 07:20:27.725916+00:00,seclogs1st.evtx,4624,system,Successful Login,NORMAL,INFO,2026-02-11,7
2026-02-11 07:20:27.731668+00:00,seclogs1st.evtx,4624,system,Successful Login,NORMAL,INFO,2026-02-11,7
2026-02-11 07:20:27.780935+00:00,seclogs1st.evtx,4624,system,Successful Login,NORMAL,INFO,2026-02-11,7
2026-02-11 07:20:27.810547+00:00,seclogs1st.evtx,4624,system,Successful Login,NORMAL,INFO,2026-02-11,7
2026-02-11 07:20:27.840212+00:00,seclogs1st.evtx,4624,system,Successful Login,NORMAL,INFO,2026-02-11,7
2026-02-11 07:20:27.901760+00:00,seclogs1st.evtx,4624,system,Successful Login,NORMAL,INFO,2026-02-11,7
2026-02-11 07:20:27.910812+00:00,seclogs1st.evtx,4624,system,Successful Login,NORMAL,INFO,2026-02-11,7
2026-02-11 07:20:27.997673+00:00,seclogs1st.evtx,4624,system,Successful Login,NORMAL,INFO,2026-02-11,7
2026-02-11 07:20:43.071770+00:00,seclogs1st.evtx,4624,system,Successful Login,NORMAL,INFO,2026-02-11,7
2026-02-11 07:20:43.944372+00:00,seclogs1st.evtx,4624,system,Successful Login,NORMAL,INFO,2026-02-11,7
2026-02-11 07:20:44.124352+00:00,seclogs1st.evtx,4624,system,Successful Login,NORMAL,INFO,2026-02-11,7
2026-02-11 07:20:44.404989+00:00,seclogs1st.evtx,4624,system,Successful Login,NORMAL,INFO,2026-02-11,7
2026-02-11 07:20:57.312483+00:00,seclogs1st.evtx,4624,system,Successful Login,NORMAL,INFO,2026-02-11,7
2026-02-11 07:22:28.316507+00:00,seclogs1st.evtx,4624,system,Successful Login,NORMAL,INFO,2026-02-11,7
2026-02-11 07:22:28.447241+00:00,seclogs1st.evtx,4624,system,Successful Login,NORMAL,INFO,2026-02-11,7
2026-02-11 07:22:28.468912+00:00,seclogs1st.evtx,4624,system,Successful Login,NORMAL,INFO,2026-02-11,7
2026-02-11 07:22:31.124783+00:00,seclogs1st.evtx,4624,system,Successful Login,NORMAL,INFO,2026-02-11,7
2026-02-11 07:22:31.212656+00:00,seclogs1st.evtx,4624,system,Successful Login,NORMAL,INFO,2026-02-11,7
2026-02-11 07:22:31.443724+00:00,seclogs1st.evtx,4624,system,Successful Login,NORMAL,INFO,2026-02-11,7
2026-02-11 07:29:32.101135+00:00,seclogs1st.evtx,4624,system,Successful Login,NORMAL,INFO,2026-02-11,7
2026-02-11 07:30:47.330330+00:00,seclogs1st.evtx,4624,system,Successful Login,NORMAL,INFO,2026-02-11,7
2026-02-11 07:30:56.814013+00:00,seclogs1st.evtx,4624,system,Successful Login,NORMAL,INFO,2026-02-11,7
2026-02-11 07:31:12.110327+00:00,seclogs1st.evtx,4624,system,Successful Login,NORMAL,INFO,2026-02-11,7
2026-02-11 07:31:12.626862+00:00,seclogs1st.evtx,4624,system,Successful Login,NORMAL,INFO,2026-02-11,7
2026-02-11 07:31:13.071161+00:00,seclogs1st.evtx,4624,system,Successful Login,NORMAL,INFO,2026-02-11,7
2026-02-11 07:31:14.275301+00:00,seclogs1st.evtx,4624,system,Successful Login,NORMAL,INFO,2026-02-11,7
2026-02-11 07:31:36.969044+00:00,seclogs1st.evtx,4624,system,Successful Login,NORMAL,INFO,2026-02-11,7
2026-02-11 07:32:07.376484+00:00,seclogs1st.evtx,4624,system,Successful Login,NORMAL,INFO,2026-02-11,7
2026-02-11 07:32:07.405146+00:00,seclogs1st.evtx,4624,system,Successful Login,NORMAL,INFO,2026-02-11,7
2026-02-11 07:35:19.534918+00:00,seclogs1st.evtx,4624,system,Successful Login,NORMAL,INFO,2026-02-11,7
2026-02-11 07:35:25.281128+00:00,seclogs1st.evtx,4624,system,Successful Login,NORMAL,INFO,2026-02-11,7
2026-02-11 07:35:35.378704+00:00,seclogs1st.evtx,4624,system,Successful Login,NORMAL,INFO,2026-02-11,7
2026-03-04 07:13:11.671009+00:00,seclogs1st.evtx,4624,system,Successful Login,NORMAL,INFO,2026-03-04,7
2026-03-04 07:13:12.261330+00:00,seclogs1st.evtx,4624,system,Successful Login,NORMAL,INFO,2026-03-04,7
2026-03-04 07:13:12.267582+00:00,seclogs1st.evtx,4624,system,Successful Login,NORMAL,INFO,2026-03-04,7
2026-03-04 07:13:12.268860+00:00,seclogs1st.evtx,4624,system,Successful Login,NORMAL,INFO,2026-03-04,7
2026-03-04 07:13:12.503407+00:00,seclogs1st.evtx,4624,system,Successful Login,NORMAL,INFO,2026-03-04,7
2026-03-04 07:13:12.702017+00:00,seclogs1st.evtx,4624,system,Successful Login,NORMAL,INFO,2026-03-04,7
2026-03-04 07:13:13.007023+00:00,seclogs1st.evtx,4624,system,Successful Login,NORMAL,INFO,2026-03-04,7
2026-03-04 07:13:13.007069+00:00,seclogs1st.evtx,4624,system,Successful Login,NORMAL,INFO,2026-03-04,7
2026-03-04 07:13:13.125210+00:00,seclogs1st.evtx,4624,system,Successful Login,NORMAL,INFO,2026-03-04,7
2026-03-04 07:13:13.177618+00:00,seclogs1st.evtx,4624,system,Successful Login,NORMAL,INFO,2026-03-04,7
2026-03-04 07:13:13.475336+00:00,seclogs1st.evtx,4624,system,Successful Login,NORMAL,INFO,2026-03-04,7
2026-03-04 07:13:13.487572+00:00,seclogs1st.evtx,4624,system,Successful Login,NORMAL,INFO,2026-03-04,7
2026-03-04 07:13:14.336266+00:00,seclogs1st.evtx,4624,system,Successful Login,NORMAL,INFO,2026-03-04,7
2026-03-04 07:13:14.378687+00:00,seclogs1st.evtx,4624,system,Successful Login,NORMAL,INFO,2026-03-04,7
2026-03-04 07:13:14.771469+00:00,seclogs1st.evtx,4624,system,Successful Login,NORMAL,INFO,2026-03-04,7
2026-03-04 07:13:16.129520+00:00,seclogs1st.evtx,4624,system,Successful Login,NORMAL,INFO,2026-03-04,7
2026-03-04 07:13:16.260155+00:00,seclogs1st.evtx,4624,system,Successful Login,NORMAL,INFO,2026-03-04,7
2026-03-04 07:13:16.311344+00:00,seclogs1st.evtx,4624,system,Successful Login,NORMAL,INFO,2026-03-04,7
2026-03-04 07:13:16.542191+00:00,seclogs1st.evtx,4624,system,Successful Login,NORMAL,INFO,2026-03-04,7
2026-03-04 07:13:16.754313+00:00,seclogs1st.evtx,4624,system,Successful Login,NORMAL,INFO,2026-03-04,7
2026-03-04 07:13:16.906637+00:00,seclogs1st.evtx,4624,system,Successful Login,NORMAL,INFO,2026-03-04,7
2026-03-04 07:13:16.959282+00:00,seclogs1st.evtx,4624,system,Successful Login,NORMAL,INFO,2026-03-04,7
2026-03-04 07:13:17.067993+00:00,seclogs1st.evtx,4624,system,Successful Login,NORMAL,INFO,2026-03-04,7
2026-03-04 07:13:17.159775+00:00,seclogs1st.evtx,4624,system,Successful Login,NORMAL,INFO,2026-03-04,7
2026-03-04 07:13:17.478136+00:00,seclogs1st.evtx,4624,system,Successful Login,NORMAL,INFO,2026-03-04,7
2026-03-04 07:13:27.968626+00:00,seclogs1st.evtx,4624,system,Successful Login,NORMAL,INFO,2026-03-04,7
2026-03-04 07:13:29.290968+00:00,seclogs1st.evtx,4624,system,Successful Login,NORMAL,INFO,2026-03-04,7
2026-03-04 07:13:30.057800+00:00,seclogs1st.evtx,4624,system,Successful Login,NORMAL,INFO,2026-03-04,7
2026-03-04 07:13:30.189098+00:00,seclogs1st.evtx,4624,system,Successful Login,NORMAL,INFO,2026-03-04,7
2026-03-04 07:13:30.314831+00:00,seclogs1st.evtx,4624,system,Successful Login,NORMAL,INFO,2026-03-04,7
2026-03-04 07:13:30.376041+00:00,seclogs1st.evtx,4624,system,Successful Login,NORMAL,INFO,2026-03-04,7
2026-03-04 07:13:31.000319+00:00,seclogs1st.evtx,4624,system,Successful Login,NORMAL,INFO,2026-03-04,7
2026-03-04 07:14:24.581461+00:00,seclogs1st.evtx,4625,system,Failed Login,HIGH,HIGH,2026-03-04,7
2026-03-04 07:14:32.485559+00:00,seclogs1st.evtx,4625,system,Failed Login,HIGH,HIGH,2026-03-04,7
2026-03-04 07:14:57.699478+00:00,seclogs1st.evtx,4625,system,Failed Login,HIGH,HIGH,2026-03-04,7
2026-03-04 07:15:16.316856+00:00,seclogs1st.evtx,4624,system,Successful Login,NORMAL,INFO,2026-03-04,7
2026-03-04 07:15:18.608433+00:00,seclogs1st.evtx,4624,system,Successful Login,NORMAL,INFO,2026-03-04,7
2026-03-04 07:15:20.453182+00:00,seclogs1st.evtx,4624,system,Successful Login,NORMAL,INFO,2026-03-04,7
2026-03-04 07:15:22.566866+00:00,seclogs1st.evtx,4624,system,Successful Login,NORMAL,INFO,2026-03-04,7
2026-03-04 07:15:22.636644+00:00,seclogs1st.evtx,4624,system,Successful Login,NORMAL,INFO,2026-03-04,7
2026-03-04 07:15:23.192591+00:00,seclogs1st.evtx,4625,system,Failed Login,HIGH,HIGH,2026-03-04,7
2026-03-04 07:15:35.950108+00:00,seclogs1st.evtx,4625,system,Failed Login,HIGH,HIGH,2026-03-04,7
2026-03-04 07:15:49.148939+00:00,seclogs1st.evtx,4625,system,Failed Login,HIGH,HIGH,2026-03-04,7
2026-03-04 07:15:56.068483+00:00,seclogs1st.evtx,4625,system,Failed Login,HIGH,HIGH,2026-03-04,7
2026-03-04 07:16:18.164248+00:00,seclogs1st.evtx,4625,system,Failed Login,HIGH,HIGH,2026-03-04,7
2026-03-11 07:31:01.020674+00:00,seclogs1st.evtx,4624,system,Successful Login,NORMAL,INFO,2026-03-11,7
2026-03-11 07:31:01.269104+00:00,seclogs1st.evtx,4624,system,Successful Login,NORMAL,INFO,2026-03-11,7
2026-03-11 07:31:01.270859+00:00,seclogs1st.evtx,4624,system,Successful Login,NORMAL,INFO,2026-03-11,7
2026-03-11 07:31:01.271646+00:00,seclogs1st.evtx,4624,system,Successful Login,NORMAL,INFO,2026-03-11,7
2026-03-11 07:31:01.362446+00:00,seclogs1st.evtx,4624,system,Successful Login,NORMAL,INFO,2026-03-11,7
2026-03-11 07:31:01.451355+00:00,seclogs1st.evtx,4624,system,Successful Login,NORMAL,INFO,2026-03-11,7
2026-03-11 07:31:01.619251+00:00,seclogs1st.evtx,4624,system,Successful Login,NORMAL,INFO,2026-03-11,7
2026-03-11 07:31:01.619282+00:00,seclogs1st.evtx,4624,system,Successful Login,NORMAL,INFO,2026-03-11,7
2026-03-11 07:31:01.717531+00:00,seclogs1st.evtx,4624,system,Successful Login,NORMAL,INFO,2026-03-11,7
2026-03-11 07:31:01.735186+00:00,seclogs1st.evtx,4624,system,Successful Login,NORMAL,INFO,2026-03-11,7
2026-03-11 07:31:01.855812+00:00,seclogs1st.evtx,4624,system,Successful Login,NORMAL,INFO,2026-03-11,7
2026-03-11 07:31:02.160488+00:00,seclogs1st.evtx,4624,system,Successful Login,NORMAL,INFO,2026-03-11,7
2026-03-11 07:31:02.169455+00:00,seclogs1st.evtx,4624,system,Successful Login,NORMAL,INFO,2026-03-11,7
2026-03-11 07:31:02.206442+00:00,seclogs1st.evtx,4624,system,Successful Login,NORMAL,INFO,2026-03-11,7
2026-03-11 07:31:02.351250+00:00,seclogs1st.evtx,4624,system,Successful Login,NORMAL,INFO,2026-03-11,7
2026-03-11 07:31:02.797831+00:00,seclogs1st.evtx,4624,system,Successful Login,NORMAL,INFO,2026-03-11,7
2026-03-11 07:31:02.831532+00:00,seclogs1st.evtx,4624,system,Successful Login,NORMAL,INFO,2026-03-11,7
2026-03-11 07:31:02.844568+00:00,seclogs1st.evtx,4624,system,Successful Login,NORMAL,INFO,2026-03-11,7
2026-03-11 07:31:02.857834+00:00,seclogs1st.evtx,4624,system,Successful Login,NORMAL,INFO,2026-03-11,7
2026-03-11 07:31:02.877323+00:00,seclogs1st.evtx,4624,system,Successful Login,NORMAL,INFO,2026-03-11,7
2026-03-11 07:31:02.897243+00:00,seclogs1st.evtx,4624,system,Successful Login,NORMAL,INFO,2026-03-11,7
2026-03-11 07:31:02.912563+00:00,seclogs1st.evtx,4624,system,Successful Login,NORMAL,INFO,2026-03-11,7
2026-03-11 07:31:02.962095+00:00,seclogs1st.evtx,4624,system,Successful Login,NORMAL,INFO,2026-03-11,7
2026-03-11 07:31:02.976643+00:00,seclogs1st.evtx,4624,system,Successful Login,NORMAL,INFO,2026-03-11,7
2026-03-11 07:31:03.127823+00:00,seclogs1st.evtx,4624,system,Successful Login,NORMAL,INFO,2026-03-11,7
2026-03-11 07:31:33.930260+00:00,seclogs1st.evtx,4624,system,Successful Login,NORMAL,INFO,2026-03-11,7
2026-03-11 07:31:35.347227+00:00,seclogs1st.evtx,4625,system,Failed Login,HIGH,HIGH,2026-03-11,7
2026-03-11 07:31:43.363169+00:00,seclogs1st.evtx,4625,system,Failed Login,HIGH,HIGH,2026-03-11,7
2026-03-11 07:31:43.866877+00:00,seclogs1st.evtx,4624,system,Successful Login,NORMAL,INFO,2026-03-11,7
2026-03-11 07:31:51.797583+00:00,seclogs1st.evtx,4624,system,Successful Login,NORMAL,INFO,2026-03-11,7
2026-03-11 07:31:52.086296+00:00,seclogs1st.evtx,4624,system,Successful Login,NORMAL,INFO,2026-03-11,7
2026-03-11 07:31:52.384514+00:00,seclogs1st.evtx,4624,system,Successful Login,NORMAL,INFO,2026-03-11,7
2026-03-11 07:31:52.535637+00:00,seclogs1st.evtx,4624,system,Successful Login,NORMAL,INFO,2026-03-11,7
2026-03-11 07:32:20.475519+00:00,seclogs1st.evtx,4625,system,Failed Login,HIGH,HIGH,2026-03-11,7
2026-03-11 07:32:26.793455+00:00,seclogs1st.evtx,4625,system,Failed Login,HIGH,HIGH,2026-03-11,7
2026-03-11 07:32:33.257519+00:00,seclogs1st.evtx,4624,system,Successful Login,NORMAL,INFO,2026-03-11,7
2026-03-11 07:32:34.345728+00:00,seclogs1st.evtx,4624,system,Successful Login,NORMAL,INFO,2026-03-11,7
2026-03-11 07:32:34.699671+00:00,seclogs1st.evtx,4624,system,Successful Login,NORMAL,INFO,2026-03-11,7
2026-03-11 07:32:36.788668+00:00,seclogs1st.evtx,4624,system,Successful Login,NORMAL,INFO,2026-03-11,7
2026-03-11 07:32:45.586946+00:00,seclogs1st.evtx,4624,system,Successful Login,NORMAL,INFO,2026-03-11,7
2026-03-11 07:33:04.042938+00:00,seclogs1st.evtx,4624,system,Successful Login,NORMAL,INFO,2026-03-11,7
2026-03-11 07:33:06.633177+00:00,seclogs1st.evtx,4624,system,Successful Login,NORMAL,INFO,2026-03-11,7
2026-03-11 07:33:06.766693+00:00,seclogs1st.evtx,4624,system,Successful Login,NORMAL,INFO,2026-03-11,7
2026-03-11 07:33:15.743000+00:00,seclogs1st.evtx,4624,system,Successful Login,NORMAL,INFO,2026-03-11,7
2026-03-11 07:37:07.190004+00:00,seclogs1st.evtx,4624,system,Successful Login,NORMAL,INFO,2026-03-11,7
2026-03-11 07:37:08.500578+00:00,seclogs1st.evtx,4624,system,Successful Login,NORMAL,INFO,2026-03-11,7
2026-03-11 07:37:08.541025+00:00,seclogs1st.evtx,4624,system,Successful Login,NORMAL,INFO,2026-03-11,7
2026-03-11 07:38:06.411983+00:00,seclogs1st.evtx,4624,system,Successful Login,NORMAL,INFO,2026-03-11,7
2026-03-11 07:40:06.152411+00:00,seclogs1st.evtx,4624,system,Successful Login,NORMAL,INFO,2026-03-11,7
2026-03-11 07:40:15.216169+00:00,seclogs1st.evtx,4624,system,Successful Login,NORMAL,INFO,2026-03-11,7
2026-03-11 07:40:16.105556+00:00,seclogs1st.evtx,4624,system,Successful Login,NORMAL,INFO,2026-03-11,7
2026-03-11 07:40:30.851007+00:00,seclogs1st.evtx,4624,system,Successful Login,NORMAL,INFO,2026-03-11,7
2026-03-11 07:40:30.931873+00:00,seclogs1st.evtx,4624,system,Successful Login,NORMAL,INFO,2026-03-11,7
2026-03-11 07:40:58.135437+00:00,seclogs1st.evtx,4624,system,Successful Login,NORMAL,INFO,2026-03-11,7
2026-03-11 07:41:43.040302+00:00,seclogs1st.evtx,4624,system,Successful Login,NORMAL,INFO,2026-03-11,7
2026-03-11 07:42:45.508902+00:00,seclogs1st.evtx,4624,system,Successful Login,NORMAL,INFO,2026-03-11,7
2026-03-11 07:47:06.725113+00:00,seclogs1st.evtx,4624,system,Successful Login,NORMAL,INFO,2026-03-11,7
2026-03-11 07:47:07.427622+00:00,seclogs1st.evtx,4624,system,Successful Login,NORMAL,INFO,2026-03-11,7
2026-03-11 07:47:08.729324+00:00,seclogs1st.evtx,4624,system,Successful Login,NORMAL,INFO,2026-03-11,7
2026-03-11 07:47:09.022844+00:00,seclogs1st.evtx,4624,system,Successful Login,NORMAL,INFO,2026-03-11,7
2026-03-11 07:47:09.036749+00:00,seclogs1st.evtx,4624,system,Successful Login,NORMAL,INFO,2026-03-11,7
2026-03-11 07:47:11.757151+00:00,seclogs1st.evtx,4624,system,Successful Login,NORMAL,INFO,2026-03-11,7
2026-03-11 07:47:19.628754+00:00,seclogs1st.evtx,4624,system,Successful Login,NORMAL,INFO,2026-03-11,7
2026-03-11 07:47:49.519949+00:00,seclogs1st.evtx,4624,system,Successful Login,NORMAL,INFO,2026-03-11,7
2026-03-24 04:03:04.245077+00:00,seclogs1st.evtx,4624,system,Successful Login,NORMAL,INFO,2026-03-24,4
2026-03-24 04:03:04.481680+00:00,seclogs1st.evtx,4624,system,Successful Login,NORMAL,INFO,2026-03-24,4
2026-03-24 04:03:04.484074+00:00,seclogs1st.evtx,4624,system,Successful Login,NORMAL,INFO,2026-03-24,4
2026-03-24 04:03:04.484684+00:00,seclogs1st.evtx,4624,system,Successful Login,NORMAL,INFO,2026-03-24,4
2026-03-24 04:03:04.543144+00:00,seclogs1st.evtx,4624,system,Successful Login,NORMAL,INFO,2026-03-24,4
2026-03-24 04:03:04.596663+00:00,seclogs1st.evtx,4624,system,Successful Login,NORMAL,INFO,2026-03-24,4
2026-03-24 04:03:04.692469+00:00,seclogs1st.evtx,4624,system,Successful Login,NORMAL,INFO,2026-03-24,4
2026-03-24 04:03:04.692478+00:00,seclogs1st.evtx,4624,system,Successful Login,NORMAL,INFO,2026-03-24,4
2026-03-24 04:03:04.722452+00:00,seclogs1st.evtx,4624,system,Successful Login,NORMAL,INFO,2026-03-24,4
2026-03-24 04:03:04.728422+00:00,seclogs1st.evtx,4624,system,Successful Login,NORMAL,INFO,2026-03-24,4
2026-03-24 04:03:04.759007+00:00,seclogs1st.evtx,4624,system,Successful Login,NORMAL,INFO,2026-03-24,4
2026-03-24 04:03:04.842068+00:00,seclogs1st.evtx,4624,system,Successful Login,NORMAL,INFO,2026-03-24,4
2026-03-24 04:03:05.059925+00:00,seclogs1st.evtx,4624,system,Successful Login,NORMAL,INFO,2026-03-24,4
2026-03-24 04:03:05.091509+00:00,seclogs1st.evtx,4624,system,Successful Login,NORMAL,INFO,2026-03-24,4
2026-03-24 04:03:05.267738+00:00,seclogs1st.evtx,4624,system,Successful Login,NORMAL,INFO,2026-03-24,4
2026-03-24 04:03:05.568779+00:00,seclogs1st.evtx,4624,system,Successful Login,NORMAL,INFO,2026-03-24,4
2026-03-24 04:03:05.584290+00:00,seclogs1st.evtx,4624,system,Successful Login,NORMAL,INFO,2026-03-24,4
2026-03-24 04:03:05.588387+00:00,seclogs1st.evtx,4624,system,Successful Login,NORMAL,INFO,2026-03-24,4
2026-03-24 04:03:05.591230+00:00,seclogs1st.evtx,4624,system,Successful Login,NORMAL,INFO,2026-03-24,4
2026-03-24 04:03:05.609764+00:00,seclogs1st.evtx,4624,system,Successful Login,NORMAL,INFO,2026-03-24,4
2026-03-24 04:03:05.635855+00:00,seclogs1st.evtx,4624,system,Successful Login,NORMAL,INFO,2026-03-24,4
2026-03-24 04:03:05.645533+00:00,seclogs1st.evtx,4624,system,Successful Login,NORMAL,INFO,2026-03-24,4
2026-03-24 04:03:05.672146+00:00,seclogs1st.evtx,4624,system,Successful Login,NORMAL,INFO,2026-03-24,4
2026-03-24 04:03:05.768620+00:00,seclogs1st.evtx,4624,system,Successful Login,NORMAL,INFO,2026-03-24,4
2026-03-24 04:03:05.780539+00:00,seclogs1st.evtx,4624,system,Successful Login,NORMAL,INFO,2026-03-24,4
2026-03-24 04:03:05.787067+00:00,seclogs1st.evtx,4624,system,Successful Login,NORMAL,INFO,2026-03-24,4
2026-03-24 04:03:05.916300+00:00,seclogs1st.evtx,4624,system,Successful Login,NORMAL,INFO,2026-03-24,4
2026-03-24 04:03:10.565250+00:00,seclogs1st.evtx,4624,system,Successful Login,NORMAL,INFO,2026-03-24,4
2026-03-24 04:03:11.617914+00:00,seclogs1st.evtx,4624,system,Successful Login,NORMAL,INFO,2026-03-24,4
2026-03-24 04:03:12.764368+00:00,seclogs1st.evtx,4624,system,Successful Login,NORMAL,INFO,2026-03-24,4
2026-03-24 04:03:15.232729+00:00,seclogs1st.evtx,4624,system,Successful Login,NORMAL,INFO,2026-03-24,4
2026-03-24 04:03:15.312773+00:00,seclogs1st.evtx,4624,system,Successful Login,NORMAL,INFO,2026-03-24,4
2026-03-24 04:03:15.392530+00:00,seclogs1st.evtx,4624,system,Successful Login,NORMAL,INFO,2026-03-24,4
2026-03-24 04:03:15.427282+00:00,seclogs1st.evtx,4624,system,Successful Login,NORMAL,INFO,2026-03-24,4
2026-03-24 04:03:35.567839+00:00,seclogs1st.evtx,4624,system,Successful Login,NORMAL,INFO,2026-03-24,4
2026-03-24 04:03:35.922476+00:00,seclogs1st.evtx,4624,system,Successful Login,NORMAL,INFO,2026-03-24,4
2026-03-24 04:03:36.140247+00:00,seclogs1st.evtx,4624,system,Successful Login,NORMAL,INFO,2026-03-24,4
2026-03-24 04:03:41.228432+00:00,seclogs1st.evtx,4624,system,Successful Login,NORMAL,INFO,2026-03-24,4
2026-03-24 04:04:11.321392+00:00,seclogs1st.evtx,4624,system,Successful Login,NORMAL,INFO,2026-03-24,4
2026-03-24 04:05:06.091747+00:00,seclogs1st.evtx,4624,system,Successful Login,NORMAL,INFO,2026-03-24,4
2026-03-24 04:05:14.205542+00:00,seclogs1st.evtx,4624,system,Successful Login,NORMAL,INFO,2026-03-24,4
2026-03-24 04:05:14.221666+00:00,seclogs1st.evtx,4624,system,Successful Login,NORMAL,INFO,2026-03-24,4
2026-03-24 04:12:36.623087+00:00,seclogs1st.evtx,4624,system,Successful Login,NORMAL,INFO,2026-03-24,4
2026-03-24 04:13:31.044752+00:00,seclogs1st.evtx,4624,system,Successful Login,NORMAL,INFO,2026-03-24,4
2026-03-24 04:13:31.282074+00:00,seclogs1st.evtx,4624,system,Successful Login,NORMAL,INFO,2026-03-24,4
2026-03-24 04:13:31.921013+00:00,seclogs1st.evtx,4624,system,Successful Login,NORMAL,INFO,2026-03-24,4
2026-03-24 04:13:32.582781+00:00,seclogs1st.evtx,4624,system,Successful Login,NORMAL,INFO,2026-03-24,4
2026-03-24 04:13:35.585648+00:00,seclogs1st.evtx,4624,system,Successful Login,NORMAL,INFO,2026-03-24,4
2026-03-24 04:13:37.404314+00:00,seclogs1st.evtx,4624,system,Successful Login,NORMAL,INFO,2026-03-24,4
2026-03-24 04:13:41.000988+00:00,seclogs1st.evtx,4624,system,Successful Login,NORMAL,INFO,2026-03-24,4
2026-03-24 04:18:05.867092+00:00,seclogs1st.evtx,4624,system,Successful Login,NORMAL,INFO,2026-03-24,4
2026-03-24 04:23:41.056986+00:00,seclogs1st.evtx,4624,system,Successful Login,NORMAL,INFO,2026-03-24,4
2026-03-24 04:33:41.077305+00:00,seclogs1st.evtx,4624,system,Successful Login,NORMAL,INFO,2026-03-24,4
2026-03-25 05:14:18.219753+00:00,seclogs1st.evtx,4624,system,Successful Login,NORMAL,INFO,2026-03-25,5
2026-03-25 05:14:18.865221+00:00,seclogs1st.evtx,4624,system,Successful Login,NORMAL,INFO,2026-03-25,5
2026-03-25 05:14:18.872368+00:00,seclogs1st.evtx,4624,system,Successful Login,NORMAL,INFO,2026-03-25,5
2026-03-25 05:14:18.876585+00:00,seclogs1st.evtx,4624,system,Successful Login,NORMAL,INFO,2026-03-25,5
2026-03-25 05:14:19.147955+00:00,seclogs1st.evtx,4624,system,Successful Login,NORMAL,INFO,2026-03-25,5
2026-03-25 05:14:19.453856+00:00,seclogs1st.evtx,4624,system,Successful Login,NORMAL,INFO,2026-03-25,5
2026-03-25 05:14:19.850691+00:00,seclogs1st.evtx,4624,system,Successful Login,NORMAL,INFO,2026-03-25,5
2026-03-25 05:14:19.850748+00:00,seclogs1st.evtx,4624,system,Successful Login,NORMAL,INFO,2026-03-25,5
2026-03-25 05:14:20.152107+00:00,seclogs1st.evtx,4624,system,Successful Login,NORMAL,INFO,2026-03-25,5
2026-03-25 05:14:20.224461+00:00,seclogs1st.evtx,4624,system,Successful Login,NORMAL,INFO,2026-03-25,5
2026-03-25 05:14:20.256968+00:00,seclogs1st.evtx,4624,system,Successful Login,NORMAL,INFO,2026-03-25,5
2026-03-25 05:14:21.079130+00:00,seclogs1st.evtx,4624,system,Successful Login,NORMAL,INFO,2026-03-25,5
2026-03-25 05:14:22.408566+00:00,seclogs1st.evtx,4624,system,Successful Login,NORMAL,INFO,2026-03-25,5
2026-03-25 05:14:22.646273+00:00,seclogs1st.evtx,4624,system,Successful Login,NORMAL,INFO,2026-03-25,5
2026-03-25 05:14:23.229437+00:00,seclogs1st.evtx,4624,system,Successful Login,NORMAL,INFO,2026-03-25,5
2026-03-25 05:14:25.224586+00:00,seclogs1st.evtx,4624,system,Successful Login,NORMAL,INFO,2026-03-25,5
2026-03-25 05:14:25.347445+00:00,seclogs1st.evtx,4624,system,Successful Login,NORMAL,INFO,2026-03-25,5
2026-03-25 05:14:25.474989+00:00,seclogs1st.evtx,4624,system,Successful Login,NORMAL,INFO,2026-03-25,5
2026-03-25 05:14:25.575504+00:00,seclogs1st.evtx,4624,system,Successful Login,NORMAL,INFO,2026-03-25,5
2026-03-25 05:14:25.708191+00:00,seclogs1st.evtx,4624,system,Successful Login,NORMAL,INFO,2026-03-25,5
2026-03-25 05:14:25.890482+00:00,seclogs1st.evtx,4624,system,Successful Login,NORMAL,INFO,2026-03-25,5
2026-03-25 05:14:25.945364+00:00,seclogs1st.evtx,4624,system,Successful Login,NORMAL,INFO,2026-03-25,5
2026-03-25 05:14:26.135740+00:00,seclogs1st.evtx,4624,system,Successful Login,NORMAL,INFO,2026-03-25,5
2026-03-25 05:17:27.618046+00:00,seclogs1st.evtx,4624,system,Successful Login,NORMAL,INFO,2026-03-25,5
2026-03-25 05:17:27.765322+00:00,seclogs1st.evtx,4624,system,Successful Login,NORMAL,INFO,2026-03-25,5
2026-03-25 05:17:27.766325+00:00,seclogs1st.evtx,4624,system,Successful Login,NORMAL,INFO,2026-03-25,5
2026-03-25 05:17:27.767136+00:00,seclogs1st.evtx,4624,system,Successful Login,NORMAL,INFO,2026-03-25,5
2026-03-25 05:17:27.830439+00:00,seclogs1st.evtx,4624,system,Successful Login,NORMAL,INFO,2026-03-25,5
2026-03-25 05:17:27.879358+00:00,seclogs1st.evtx,4624,system,Successful Login,NORMAL,INFO,2026-03-25,5
2026-03-25 05:17:27.960316+00:00,seclogs1st.evtx,4624,system,Successful Login,NORMAL,INFO,2026-03-25,5
2026-03-25 05:17:27.960325+00:00,seclogs1st.evtx,4624,system,Successful Login,NORMAL,INFO,2026-03-25,5
2026-03-25 05:17:28.256649+00:00,seclogs1st.evtx,4624,system,Successful Login,NORMAL,INFO,2026-03-25,5
2026-03-25 05:17:28.256777+00:00,seclogs1st.evtx,4624,system,Successful Login,NORMAL,INFO,2026-03-25,5
2026-03-25 05:17:28.288149+00:00,seclogs1st.evtx,4624,system,Successful Login,NORMAL,INFO,2026-03-25,5
2026-03-25 05:17:28.444239+00:00,seclogs1st.evtx,4624,system,Successful Login,NORMAL,INFO,2026-03-25,5
2026-03-25 05:17:28.582216+00:00,seclogs1st.evtx,4624,system,Successful Login,NORMAL,INFO,2026-03-25,5
2026-03-25 05:17:28.585524+00:00,seclogs1st.evtx,4624,system,Successful Login,NORMAL,INFO,2026-03-25,5
2026-03-25 05:17:28.638029+00:00,seclogs1st.evtx,4624,system,Successful Login,NORMAL,INFO,2026-03-25,5
2026-03-25 05:17:28.891907+00:00,seclogs1st.evtx,4624,system,Successful Login,NORMAL,INFO,2026-03-25,5
2026-03-25 05:17:28.920057+00:00,seclogs1st.evtx,4624,system,Successful Login,NORMAL,INFO,2026-03-25,5
2026-03-25 05:17:28.940029+00:00,seclogs1st.evtx,4624,system,Successful Login,NORMAL,INFO,2026-03-25,5
2026-03-25 05:17:28.951765+00:00,seclogs1st.evtx,4624,system,Successful Login,NORMAL,INFO,2026-03-25,5
2026-03-25 05:17:28.970362+00:00,seclogs1st.evtx,4624,system,Successful Login,NORMAL,INFO,2026-03-25,5
2026-03-25 05:17:28.978470+00:00,seclogs1st.evtx,4624,system,Successful Login,NORMAL,INFO,2026-03-25,5
2026-03-25 05:17:29.014151+00:00,seclogs1st.evtx,4624,system,Successful Login,NORMAL,INFO,2026-03-25,5
2026-03-25 05:17:29.069174+00:00,seclogs1st.evtx,4624,system,Successful Login,NORMAL,INFO,2026-03-25,5
2026-03-25 05:17:29.113167+00:00,seclogs1st.evtx,4624,system,Successful Login,NORMAL,INFO,2026-03-25,5
2026-03-25 05:17:29.114473+00:00,seclogs1st.evtx,4624,system,Successful Login,NORMAL,INFO,2026-03-25,5
2026-03-25 05:17:29.176437+00:00,seclogs1st.evtx,4624,system,Successful Login,NORMAL,INFO,2026-03-25,5
2026-03-25 05:17:29.363077+00:00,seclogs1st.evtx,4624,system,Successful Login,NORMAL,INFO,2026-03-25,5
2026-03-25 05:17:35.522783+00:00,seclogs1st.evtx,4624,system,Successful Login,NORMAL,INFO,2026-03-25,5
2026-03-25 05:17:36.315243+00:00,seclogs1st.evtx,4624,system,Successful Login,NORMAL,INFO,2026-03-25,5
2026-03-25 05:17:36.611677+00:00,seclogs1st.evtx,4624,system,Successful Login,NORMAL,INFO,2026-03-25,5
2026-03-25 05:18:40.343151+00:00,seclogs1st.evtx,4624,system,Successful Login,NORMAL,INFO,2026-03-25,5
2026-03-25 05:18:40.687538+00:00,seclogs1st.evtx,4624,system,Successful Login,NORMAL,INFO,2026-03-25,5
2026-03-25 05:18:40.827103+00:00,seclogs1st.evtx,4624,system,Successful Login,NORMAL,INFO,2026-03-25,5
2026-03-25 05:18:40.959230+00:00,seclogs1st.evtx,4624,system,Successful Login,NORMAL,INFO,2026-03-25,5
2026-03-25 05:18:42.364029+00:00,seclogs1st.evtx,4624,system,Successful Login,NORMAL,INFO,2026-03-25,5
2026-03-25 05:18:47.099361+00:00,seclogs1st.evtx,4624,system,Successful Login,NORMAL,INFO,2026-03-25,5
2026-03-25 05:19:16.110846+00:00,seclogs1st.evtx,4624,system,Successful Login,NORMAL,INFO,2026-03-25,5
2026-03-25 05:19:16.155226+00:00,seclogs1st.evtx,4624,system,Successful Login,NORMAL,INFO,2026-03-25,5
2026-03-25 05:19:17.992712+00:00,seclogs1st.evtx,4624,system,Successful Login,NORMAL,INFO,2026-03-25,5
2026-03-25 05:19:18.658594+00:00,seclogs1st.evtx,4624,system,Successful Login,NORMAL,INFO,2026-03-25,5
2026-03-25 05:19:18.736712+00:00,seclogs1st.evtx,4624,system,Successful Login,NORMAL,INFO,2026-03-25,5
2026-03-25 05:19:30.263409+00:00,seclogs1st.evtx,4624,system,Successful Login,NORMAL,INFO,2026-03-25,5
2026-03-25 05:22:40.447533+00:00,seclogs1st.evtx,4624,system,Successful Login,NORMAL,INFO,2026-03-25,5
2026-03-25 05:22:40.464413+00:00,seclogs1st.evtx,4624,system,Successful Login,NORMAL,INFO,2026-03-25,5
2026-03-25 05:27:29.939558+00:00,seclogs1st.evtx,4624,system,Successful Login,NORMAL,INFO,2026-03-25,5
2026-03-25 05:27:30.095840+00:00,seclogs1st.evtx,4624,system,Successful Login,NORMAL,INFO,2026-03-25,5
2026-03-25 05:27:30.392187+00:00,seclogs1st.evtx,4624,system,Successful Login,NORMAL,INFO,2026-03-25,5
2026-03-25 05:27:36.582325+00:00,seclogs1st.evtx,4624,system,Successful Login,NORMAL,INFO,2026-03-25,5
2026-03-25 05:47:40.120874+00:00,seclogs1st.evtx,4624,system,Successful Login,NORMAL,INFO,2026-03-25,5
2026-03-25 05:47:40.201488+00:00,seclogs1st.evtx,4624,system,Successful Login,NORMAL,INFO,2026-03-25,5
2026-03-25 16:48:47.157970+00:00,seclogs1st.evtx,4624,system,Successful Login,NORMAL,INFO,2026-03-25,16
2026-03-25 16:48:47.305014+00:00,seclogs1st.evtx,4624,system,Successful Login,NORMAL,INFO,2026-03-25,16
2026-03-25 16:48:47.307312+00:00,seclogs1st.evtx,4624,system,Successful Login,NORMAL,INFO,2026-03-25,16
2026-03-25 16:48:47.307909+00:00,seclogs1st.evtx,4624,system,Successful Login,NORMAL,INFO,2026-03-25,16
2026-03-25 16:48:47.395260+00:00,seclogs1st.evtx,4624,system,Successful Login,NORMAL,INFO,2026-03-25,16
2026-03-25 16:48:47.436792+00:00,seclogs1st.evtx,4624,system,Successful Login,NORMAL,INFO,2026-03-25,16
2026-03-25 16:48:47.511917+00:00,seclogs1st.evtx,4624,system,Successful Login,NORMAL,INFO,2026-03-25,16
2026-03-25 16:48:47.511925+00:00,seclogs1st.evtx,4624,system,Successful Login,NORMAL,INFO,2026-03-25,16
2026-03-25 16:48:47.546434+00:00,seclogs1st.evtx,4624,system,Successful Login,NORMAL,INFO,2026-03-25,16
2026-03-25 16:48:47.553406+00:00,seclogs1st.evtx,4624,system,Successful Login,NORMAL,INFO,2026-03-25,16
2026-03-25 16:48:47.569872+00:00,seclogs1st.evtx,4624,system,Successful Login,NORMAL,INFO,2026-03-25,16
2026-03-25 16:48:47.631723+00:00,seclogs1st.evtx,4624,system,Successful Login,NORMAL,INFO,2026-03-25,16
2026-03-25 16:48:47.775816+00:00,seclogs1st.evtx,4624,system,Successful Login,NORMAL,INFO,2026-03-25,16
2026-03-25 16:48:47.790775+00:00,seclogs1st.evtx,4624,system,Successful Login,NORMAL,INFO,2026-03-25,16
2026-03-25 16:48:47.909130+00:00,seclogs1st.evtx,4624,system,Successful Login,NORMAL,INFO,2026-03-25,16
2026-03-25 16:48:48.194794+00:00,seclogs1st.evtx,4624,system,Successful Login,NORMAL,INFO,2026-03-25,16
2026-03-25 16:48:48.208490+00:00,seclogs1st.evtx,4624,system,Successful Login,NORMAL,INFO,2026-03-25,16
2026-03-25 16:48:48.220863+00:00,seclogs1st.evtx,4624,system,Successful Login,NORMAL,INFO,2026-03-25,16
2026-03-25 16:48:48.221022+00:00,seclogs1st.evtx,4624,system,Successful Login,NORMAL,INFO,2026-03-25,16
2026-03-25 16:48:48.249863+00:00,seclogs1st.evtx,4624,system,Successful Login,NORMAL,INFO,2026-03-25,16
2026-03-25 16:48:48.269541+00:00,seclogs1st.evtx,4624,system,Successful Login,NORMAL,INFO,2026-03-25,16
2026-03-25 16:48:48.289091+00:00,seclogs1st.evtx,4624,system,Successful Login,NORMAL,INFO,2026-03-25,16
2026-03-25 16:48:48.332394+00:00,seclogs1st.evtx,4624,system,Successful Login,NORMAL,INFO,2026-03-25,16
2026-03-25 16:48:48.404480+00:00,seclogs1st.evtx,4624,system,Successful Login,NORMAL,INFO,2026-03-25,16
2026-03-25 16:48:48.404482+00:00,seclogs1st.evtx,4624,system,Successful Login,NORMAL,INFO,2026-03-25,16
2026-03-25 16:48:48.442003+00:00,seclogs1st.evtx,4624,system,Successful Login,NORMAL,INFO,2026-03-25,16
2026-03-25 16:48:48.511650+00:00,seclogs1st.evtx,4624,system,Successful Login,NORMAL,INFO,2026-03-25,16
2026-03-25 16:50:48.940535+00:00,seclogs1st.evtx,4624,system,Successful Login,NORMAL,INFO,2026-03-25,16
2026-03-25 16:50:50.222387+00:00,seclogs1st.evtx,4624,system,Successful Login,NORMAL,INFO,2026-03-25,16
2026-03-25 16:50:50.409893+00:00,seclogs1st.evtx,4624,system,Successful Login,NORMAL,INFO,2026-03-25,16
2026-03-25 16:50:50.784773+00:00,seclogs1st.evtx,4624,system,Successful Login,NORMAL,INFO,2026-03-25,16
2026-03-25 16:50:50.815138+00:00,seclogs1st.evtx,4624,system,Successful Login,NORMAL,INFO,2026-03-25,16
2026-03-25 16:50:50.819225+00:00,seclogs1st.evtx,4624,system,Successful Login,NORMAL,INFO,2026-03-25,16
2026-03-25 16:50:53.361721+00:00,seclogs1st.evtx,4624,system,Successful Login,NORMAL,INFO,2026-03-25,16
2026-03-25 16:50:53.402775+00:00,seclogs1st.evtx,4624,system,Successful Login,NORMAL,INFO,2026-03-25,16
2026-03-25 16:50:53.619171+00:00,seclogs1st.evtx,4624,system,Successful Login,NORMAL,INFO,2026-03-25,16
2026-03-25 16:53:26.244486+00:00,seclogs1st.evtx,4624,system,Successful Login,NORMAL,INFO,2026-03-25,16
2026-03-25 16:58:50.825068+00:00,seclogs1st.evtx,4624,system,Successful Login,NORMAL,INFO,2026-03-25,16
2026-03-25 16:59:08.414618+00:00,seclogs1st.evtx,4624,system,Successful Login,NORMAL,INFO,2026-03-25,16
2026-03-25 16:59:13.824509+00:00,seclogs1st.evtx,4624,system,Successful Login,NORMAL,INFO,2026-03-25,16
2026-03-26 04:28:43.724993+00:00,seclogs1st.evtx,4624,system,Successful Login,NORMAL,INFO,2026-03-26,4
2026-03-26 04:28:43.874048+00:00,seclogs1st.evtx,4624,system,Successful Login,NORMAL,INFO,2026-03-26,4
2026-03-26 04:28:43.875513+00:00,seclogs1st.evtx,4624,system,Successful Login,NORMAL,INFO,2026-03-26,4
2026-03-26 04:28:43.876032+00:00,seclogs1st.evtx,4624,system,Successful Login,NORMAL,INFO,2026-03-26,4
2026-03-26 04:28:43.927607+00:00,seclogs1st.evtx,4624,system,Successful Login,NORMAL,INFO,2026-03-26,4
2026-03-26 04:28:44.023222+00:00,seclogs1st.evtx,4624,system,Successful Login,NORMAL,INFO,2026-03-26,4
2026-03-26 04:28:44.123375+00:00,seclogs1st.evtx,4624,system,Successful Login,NORMAL,INFO,2026-03-26,4
2026-03-26 04:28:44.123383+00:00,seclogs1st.evtx,4624,system,Successful Login,NORMAL,INFO,2026-03-26,4
2026-03-26 04:28:44.141087+00:00,seclogs1st.evtx,4624,system,Successful Login,NORMAL,INFO,2026-03-26,4
2026-03-26 04:28:44.161207+00:00,seclogs1st.evtx,4624,system,Successful Login,NORMAL,INFO,2026-03-26,4
2026-03-26 04:28:44.224068+00:00,seclogs1st.evtx,4624,system,Successful Login,NORMAL,INFO,2026-03-26,4
2026-03-26 04:28:44.422771+00:00,seclogs1st.evtx,4624,system,Successful Login,NORMAL,INFO,2026-03-26,4
2026-03-26 04:28:44.473763+00:00,seclogs1st.evtx,4624,system,Successful Login,NORMAL,INFO,2026-03-26,4
2026-03-26 04:28:44.602522+00:00,seclogs1st.evtx,4624,system,Successful Login,NORMAL,INFO,2026-03-26,4
2026-03-26 04:28:44.650776+00:00,seclogs1st.evtx,4624,system,Successful Login,NORMAL,INFO,2026-03-26,4
2026-03-26 04:28:44.867321+00:00,seclogs1st.evtx,4624,system,Successful Login,NORMAL,INFO,2026-03-26,4
2026-03-26 04:28:44.886002+00:00,seclogs1st.evtx,4624,system,Successful Login,NORMAL,INFO,2026-03-26,4
2026-03-26 04:28:44.890354+00:00,seclogs1st.evtx,4624,system,Successful Login,NORMAL,INFO,2026-03-26,4
2026-03-26 04:28:44.893726+00:00,seclogs1st.evtx,4624,system,Successful Login,NORMAL,INFO,2026-03-26,4
2026-03-26 04:28:44.922781+00:00,seclogs1st.evtx,4624,system,Successful Login,NORMAL,INFO,2026-03-26,4
2026-03-26 04:28:44.955091+00:00,seclogs1st.evtx,4624,system,Successful Login,NORMAL,INFO,2026-03-26,4
2026-03-26 04:28:44.956614+00:00,seclogs1st.evtx,4624,system,Successful Login,NORMAL,INFO,2026-03-26,4
2026-03-26 04:28:44.986588+00:00,seclogs1st.evtx,4624,system,Successful Login,NORMAL,INFO,2026-03-26,4
2026-03-26 04:28:45.029387+00:00,seclogs1st.evtx,4624,system,Successful Login,NORMAL,INFO,2026-03-26,4
2026-03-26 04:28:45.031080+00:00,seclogs1st.evtx,4624,system,Successful Login,NORMAL,INFO,2026-03-26,4
2026-03-26 04:28:45.042658+00:00,seclogs1st.evtx,4624,system,Successful Login,NORMAL,INFO,2026-03-26,4
2026-03-26 04:28:45.186598+00:00,seclogs1st.evtx,4624,system,Successful Login,NORMAL,INFO,2026-03-26,4
2026-03-26 04:29:13.691954+00:00,seclogs1st.evtx,4625,system,Failed Login,HIGH,HIGH,2026-03-26,4
2026-03-26 04:29:22.890711+00:00,seclogs1st.evtx,4624,system,Successful Login,NORMAL,INFO,2026-03-26,4
2026-03-26 04:29:23.196192+00:00,seclogs1st.evtx,4624,system,Successful Login,NORMAL,INFO,2026-03-26,4
2026-03-26 04:29:23.464127+00:00,seclogs1st.evtx,4624,system,Successful Login,NORMAL,INFO,2026-03-26,4
2026-03-26 04:29:23.512274+00:00,seclogs1st.evtx,4624,system,Successful Login,NORMAL,INFO,2026-03-26,4
2026-03-26 04:29:27.944103+00:00,seclogs1st.evtx,4624,system,Successful Login,NORMAL,INFO,2026-03-26,4
2026-03-26 04:29:31.945164+00:00,seclogs1st.evtx,4624,system,Successful Login,NORMAL,INFO,2026-03-26,4
2026-03-26 04:29:58.658070+00:00,seclogs1st.evtx,4624,system,Successful Login,NORMAL,INFO,2026-03-26,4
2026-03-26 04:29:58.704412+00:00,seclogs1st.evtx,4624,system,Successful Login,NORMAL,INFO,2026-03-26,4
2026-03-26 04:30:00.993916+00:00,seclogs1st.evtx,4624,system,Successful Login,NORMAL,INFO,2026-03-26,4
2026-03-26 04:30:46.704031+00:00,seclogs1st.evtx,4624,system,Successful Login,NORMAL,INFO,2026-03-26,4
2026-03-26 04:30:46.780230+00:00,seclogs1st.evtx,4624,system,Successful Login,NORMAL,INFO,2026-03-26,4
2026-03-26 04:30:46.860369+00:00,seclogs1st.evtx,4624,system,Successful Login,NORMAL,INFO,2026-03-26,4
2026-02-10 20:54:25.312304+00:00,systemlogs1st.evtx,1,system,System Activity,NORMAL,LOW,2026-02-10,20
2026-02-10 20:54:36.219597+00:00,systemlogs1st.evtx,3,system,System Activity,NORMAL,MEDIUM,2026-02-10,20
2026-02-10 20:55:08.475273+00:00,systemlogs1st.evtx,1,system,System Activity,NORMAL,LOW,2026-02-10,20
2026-02-10 07:25:10.568888+00:00,systemlogs1st.evtx,1,system,System Activity,NORMAL,LOW,2026-02-10,7
2026-02-10 07:25:10.569956+00:00,systemlogs1st.evtx,1,system,System Activity,NORMAL,LOW,2026-02-10,7
2026-02-10 07:25:32.591347+00:00,systemlogs1st.evtx,1,system,System Activity,NORMAL,LOW,2026-02-10,7
2026-02-11 06:37:34.833080+00:00,systemlogs1st.evtx,1,system,System Activity,NORMAL,LOW,2026-02-11,6
2026-02-11 06:37:36.047211+00:00,systemlogs1st.evtx,3,system,System Activity,NORMAL,MEDIUM,2026-02-11,6
2026-02-11 06:37:53.125561+00:00,systemlogs1st.evtx,1,system,System Activity,NORMAL,LOW,2026-02-11,6
2026-02-11 06:37:53.126265+00:00,systemlogs1st.evtx,1,system,System Activity,NORMAL,LOW,2026-02-11,6
2026-02-11 07:20:19.386986+00:00,systemlogs1st.evtx,3,system,System Activity,NORMAL,MEDIUM,2026-02-11,7
2026-02-11 07:20:26.832651+00:00,systemlogs1st.evtx,1,system,System Activity,NORMAL,LOW,2026-02-11,7
2026-02-11 07:35:19.530317+00:00,systemlogs1st.evtx,1,system,System Activity,NORMAL,LOW,2026-02-11,7
2026-03-04 07:12:56.307440+00:00,systemlogs1st.evtx,3,system,System Activity,NORMAL,MEDIUM,2026-03-04,7
2026-03-04 07:13:13.859232+00:00,systemlogs1st.evtx,1,system,System Activity,NORMAL,LOW,2026-03-04,7
2026-03-04 07:13:32.430109+00:00,systemlogs1st.evtx,1,system,System Activity,NORMAL,LOW,2026-03-04,7
2026-03-04 07:13:32.431648+00:00,systemlogs1st.evtx,1,system,System Activity,NORMAL,LOW,2026-03-04,7
2026-03-11 07:30:51.398724+00:00,systemlogs1st.evtx,3,system,System Activity,NORMAL,MEDIUM,2026-03-11,7
2026-03-11 07:31:01.953218+00:00,systemlogs1st.evtx,1,system,System Activity,NORMAL,LOW,2026-03-11,7
2026-03-24 04:02:56.673122+00:00,systemlogs1st.evtx,3,system,System Activity,NORMAL,MEDIUM,2026-03-24,4
2026-03-24 04:03:04.911869+00:00,systemlogs1st.evtx,1,system,System Activity,NORMAL,LOW,2026-03-24,4
2026-03-25 05:14:03.217508+00:00,systemlogs1st.evtx,3,system,System Activity,NORMAL,MEDIUM,2026-03-25,5
2026-03-25 05:14:21.659952+00:00,systemlogs1st.evtx,1,system,System Activity,NORMAL,LOW,2026-03-25,5
2026-03-25 05:17:21.875883+00:00,systemlogs1st.evtx,3,system,System Activity,NORMAL,MEDIUM,2026-03-25,5
2026-03-25 05:17:28.491213+00:00,systemlogs1st.evtx,1,system,System Activity,NORMAL,LOW,2026-03-25,5
2026-03-25 16:48:41.534763+00:00,systemlogs1st.evtx,3,system,System Activity,NORMAL,MEDIUM,2026-03-25,16
2026-03-25 16:48:47.666344+00:00,systemlogs1st.evtx,1,system,System Activity,NORMAL,LOW,2026-03-25,16
2026-03-26 04:28:38.609873+00:00,systemlogs1st.evtx,3,system,System Activity,NORMAL,MEDIUM,2026-03-26,4
2026-03-26 04:28:44.275576+00:00,systemlogs1st.evtx,1,system,System Activity,NORMAL,LOW,2026-03-26,4
